USER,FOLLOWERSCOUNT
Deepak09992105,53
bit_src,2482
chandumuthyala1,17
RaminNasibov,370252
VigKM,41
aruns89,4949
ContainsCafeine,421
Dhansin10255536,3023
gharbikri,966
CafeOpensource,577
piyush_garg001,73
imPrateek14,744
Raghu577,33
gh05t_r00t,2363
kidkapital,86053
PjContorno,2542
mohit19397933,33
C_Ramprabu,85
deepubn1983,127
srikanth638,472
sbuvaneshkumar,1142
sureshkdunga,133
VatsalParekh1,598
red_suraj,948
cshekhar94,111
hchiramm,987
AlterEgoSurya,253
gwestr,4977
_Rha7_,1266
MinrajKhadka,118
udaykiran465,216
BiggBos76993896,3729
strife076,432
ribhuchawla,173
streamlio,4035
bitfield,92980
EranTamirET,3367
santhos04490125,252
R_VGK7,97
cablyadav,46
BRamanidharan,75
k8sBLR,54
surajd_,934
DhanSin52576223,1447
DrGVenuMadhav1,84
2abhishekrajan,103
Rahul_Reddii,52
ScottS18432488,93
narayananguptha,472
NILANJA68269435,81
cpavithrababu,100
daNewXp0is0n,712
SaiSoundharya,6
sidsays_,692
onlyrams,167
gopichand94,47
NehaPatil7694,67
yuveeeyuveee,53
maryjelliots66,4315
Belitalove333,2968
satishreddykssr,810
sunilyadav0744,150
itsme_chandu,92
rahulsunny51,64
Hari_vtr,129
AshokM67388660,93
ANJI07549357,18
BodduSaran,86
pbchandra15,89
deepu18493,60
upendar94755814,51
Thouheed_msd,228
balavigneshrama,91
SailajaMalla,15
Prashan0305,84
Thriven82359549,111
ugetragul5,93
caltechy,52
maartenjdupont,351
kuttyzio,832
MaheshK32675456,84
uchilshubzoid,76
drgvenumadhav,63
edara_sa,211
upr08,269
preetam_peddini,84
SumanthP6,44
Trojan_Dhiraj,60
ShrJain1,164
WakeUpYourEnemy,1125
ChopDawgStudios,446021
UDAYSEKHR111,40
bluepor14,3353
vijayaramrokkam,22
NandhakishoreG1,45
HIRANBABU,571
Dheekshitha3,54
saikaranbalmuri,76
ThiagoBMazoni,807
wizardravindra,2978
preethish2293,433
msalimk,157
mssampoorna,91
BuckeyBear,2257
manish_reddy,399
anwesh_varada,76
AkkaTopNews,3899
YogiVasupal,163
rohitishere1,811
mehulviby,117
sandeepparathak,143
RavaliSandhya,138
saisriteja7,202
Subash11866230,40
prasanth281192,163
kanwisher,702
IChanduMuthyala,1
mobile_devops_,1575
karthi_ishere,148
vijaykalyan,411
Iamahwin4444,147
_bipul,415
anirudh_maddy,845
seshu3456,235
lathaarjun,79
ANUgrAHARavi,199
nagendrapulipa3,58
hemasree78,156
vaibhav191194,278
LinaAlya8,210
Jayarammech09,97
santhoshinteri1,148
gk161969,58
ThouheedMd,305
bhuvaneshbabu_,153
_build3r,304
SaiSrikarCheela,198
Nandinigoel12,2034
Rithu999,361
deepiravi8,59
haridevdadhich,154
sharmasourab93,215
Chandhu_muthyal,207
srikanththunga,1044
NiteshGouransh,42
Sriram593,66
vishalc93,361
sandeep2694,673
Subhash27567802,193
build_update,78
rakeshblah,222
raghavan914,34
dineshnamburi,212
RomilVasani,1057
sri_dasu,124
usha7569074688,865
divyakanth16,60
6dab1d990fbb45a,5
WesalAli3,114
_vidhyab,43
RamanSuganya,73
yamini2011k,53
Avinash123G,61
harinath_cool,277
rvseswar,190
cnuchilkala,70
sanjaybv,332
easwar_aiyer,335
KavithaTupelly,26
rahulracha,55
SandeepnaiduR,66
shivneshr,131
gowthammadeti,337
MitSureshkumar,36
priyanka_15_93,29
vpk1993,108
VaranasiSaajan1,1805
keshavn3,118
PradeepPrabakar,335
fbfc28a0580a4d8,179
rishiritwik007,101
rishiritwik94,378
mallik_tanuku,899
p_rahulbhargav,119
b_shanmuk,173
surendra1836,25
dinuruler,184
addi2342,209
nandansai2010,37
Avinash_setti,8
aditya_us,70
subhodayatelugu,374
charitardh,15
hemanthmalla,193
