USER,FRIENDCOUNT
TheStoicEmperor,72
APompliano,4234
banknxt,3281
JohnCUrschel,256
dflieb,675
rachelparris,1590
Sajma,1209
copyconstruct,211
lyfteng,5
mattklein123,173
imPrateek14,746
gh05t_r00t,2371
ContainsCafeine,422
dbrand,1
morganhousel,373
anshul81,9
ASeigneurin,388
rwmcfa1,247
PaytmMoney,7
BeingPractical,377
githubstatus,1
ankurdave,71
rakyll,1117
martindaniel4,881
kennethreitz,468
ProfFeynman,0
_ashwanthkumar,729
brewkode,239
runconduit,7
josephradhik,957
daniel_abadi,74
sirrice,198
rohithbhat,516
adityagp,402
vj_chidambaram,762
JeffDean,551
maria_fibonacci,1014
benhamner,2842
Reza_Zadeh,98
tamjko,436
chimeracoder,1498
evonbuelow,666
NandanNilekani,238
jkrippy,486
farnamstreet,109
whoismrrobot,1174
charupujari,35
odersky,157
kayousterhout,122
rabois,577
andrewor14,55
LTICMU,135
cutting,124
mark_grover,429
hedonometer,25
TedMalaska,133
MadStreetDen,197
jamiehannaford,327
AWSOpen,87
arungupta,142
RarchK,454
manojlds,766
EnvoyProxy,31
IstioMesh,69
avipatch,102
AnalyticsVidhya,348
adereth,824
Quora,48
snehainguva,1042
Uber,379
MrsCaroline_C,2390
hchiramm,993
stratechery,3
benthompson,1277
SharmaShradha,3797
rrhoover,1836
lpolovets,440
pasiphae_goals,1223
chan_k,332
ACLU,5592
davidjdewitt,61
golang_news,1
yuvipanda,675
surdattack,481
faasos,3243
SCSatCMU,645
hyc_symas,382
eric_brewer,162
seemohan,891
MySQLatFacebook,0
WisconsinCS,510
mpherlihy,108
KPCBFellows,562
VoltDB,5472
jgrafton,373
_bgoerke,37
IndianGuru,1491
davidmarcus,555
vaidehijoshi,1563
francesc,800
Kris__Nova,88
rob_pike,30
mikegcoleman,645
nicolefv,570
jpetazzo,2967
marcprecipice,451
intel,1273
clearlinux,20
shanselman,7891
tmm1,1140
K8sPort,447
andygoldstein,197
tanmaigo,56
HasuraHQ,253
NetflixResearch,74
datamusing,1070
manyangled,99
ZostelHostel,235
santoshpanda,4288
ZPrad,733
garyvee,10144
RAPst4r,166
nature,140
corednsio,1
coburnw,207
alicegoldfuss,133
_tessr,994
jessfraz,451
k8em0,5104
kamalmarhubi,926
coda_hq,52
smarterclayton,5
r0ml,163
outreachy,1627
the_sttts,349
apinick,59
NetflixOSS,4
brendangregg,153
kubeless_sh,5
tr_stringer,313
lukew,99
papers_we_love,806
strife076,432
highscal,0
janakiramm,880
brendandburns,64
NPCI_BHIM,71
derekwaynecarr,144
timothysc,3775
kubernetesonarm,422
markrussinovich,254
neha,1494
jyhsu,1652
jewelia,381
rands,837
jaykreps,659
tyler_treat,857
fchollet,559
BooProgrammer,1
TheEllenShow,35916
dreamlabin,44
vkhosla,299
NikitaShamgunov,268
uw_db,124
pateljm,39
TweetAtAKK,97
thechachang,110
sppalkia,134
samrmadden,153
wiscdb,36
thodrek,173
danavanaken,29
CSDatCMU,616
cassandra,23
SimoneGiertz,753
realDonaldTrump,45
spakhm,1061
rethinkdb,543
michaelfreedman,166
pradeep_io,401
PaytmTravel,40
Anshul__Modi,0
EranTamirET,3367
erikstmartin,681
RobHryniewicz,1653
bridgetkromhout,1050
grepory,147
ubikgroup,1747
annalecta,1800
tnooz,2686
acmurthy,162
HenryR,540
romanzolotarev,288
projectcalico,142
andy_pavlo,153
CMUDB,10
joy_arulraj,69
aarthir,695
sriramk,1254
rogerfederer,81
serenawilliams,351
idvoretskyi,1214
caesars,89
recursecenter,133
Numenta,2153
intelligibabble,648
caddyserver,82
mholt6,355
DalaiLama,0
DevOpsDaysIN,446
red_suraj,948
iamdevloper,0
ScalaIDE,20
mitchellh,145
narendra_shetty,413
y4m4,268
Minio,52
dgraphlabs,63
benbjohnson,20
djtide,1005
pauldix,903
jeremyphoward,1142
k_satyarthi,70
f0rr0,214
b0rk,555
fafsters,81
BrandonPhilips,3098
kubeconio,8
CloudNativeFdn,282
haileys_hand,343
JamesMunnelly,1051
kubernauts,1660
TheNikhita,583
jrhunt,723
adam3us,321
torproject,966
seqhack,142
davecheney,455
hellomayuko,468
tarikremila,2377
TajyMany,370
mperham,338
amitabhk87,698
Directi,131
Soniadhawn,421
bhavintu,101
Arubin,2
rootconf,78
fifthel,174
anthillin,10
MatiasDuarte,383
lockheimer,219
davey_burke,53
ProbFact,18
DataSciFact,18
dkhos,409
zaoyang,4025
jmalla588,86
fb_engineering,63
GitHubEng,1
clattner_llvm,104
abhishek20,636
madewithARKit,7
MixedrealityD,7
rashtrapatibhvn,1
ApacheSpark,1
datadoghq,7201
ajit_narayanan,247
Malala,168
pranavrajpurkar,134
hrushb,13
netanyahu,32
ev,1817
helloanand,137
NathanCHubbard,308
surajd_,934
michellenoorali,700
addyosmani,1838
ThePracticalDev,2252
heptio,82
paperboatdrinks,54
amitsins,392
k8sBLR,54
ktosopl,1505
jboner,57
thekwasti,164
essential,208
AjeyGore,444
practicingdev,334
cmcluck,302
jbeda,802
krallistic,194
prydonius,706
stevesloka,732
paytmcanada,75
rmenn,810
criteo,1530
CriteoResearch,77
TechGirlPooja,266
greglinden,82
